Feature,Coefficient,Absolute Coefficient
lag_export_value,1121832.848397121,1121832.848397121
output_per_labour,730901.8475864704,730901.8475864704
milk_per_cow,-224052.4546287738,224052.4546287738
milk_prod_1000t,-209788.86356061584,209788.86356061584
cheese_prod_1000t,205365.9977022735,205365.9977022735
milk_delivered_to_dairies_1000t,185572.78954630977,185572.78954630977
dairy_cow_share,181864.45212124186,181864.45212124186
agri_output_basic_price_million_eur,95870.4374882739,95870.4374882739
